{"Jamaica Bay": "Queens", "Astoria Park": "Queens", "Bay Terrace/Fort Totten": "Queens", "Bloomfield/Emerson Hill": "Staten Island", "Breezy Point/Fort Tilden/Riis Beach": "Queens", "Canarsie": "Brooklyn", "Charleston/Tottenville": "Staten Island", "City Island": "Bronx", "College Point": "Queens", "Flatiron": "Manhattan", "Flushing Meadows-Corona Park": "Queens", "Freshkills Park": "Staten Island", "Laurelton": "Queens", "Manhattan Beach": "Brooklyn", "Marine Park/Floyd Bennett Field": "Brooklyn", "Marine Park/Mill Basin": "Brooklyn", "Mariners Harbor": "Staten Island", "Pelham Bay Park": "Bronx", "Rikers Island": "Bronx", "Rosedale": "Queens", "Saint George/New Brighton": "Staten Island", "Schuylerville/Edgewater Park": "Bronx", "Sheepshead Bay": "Brooklyn", "Soundview/Castle Hill": "Bronx", "Starrett City": "Brooklyn", "Whitestone": "Queens", "Governor's Island/Ellis Island/Liberty Island": "Manhattan", "Heartland Village/Todt Hill": "Staten Island", "Alphabet City": "Manhattan", "Hudson Sq": "Manhattan", "Bath Beach": "Brooklyn", "Coney Island": "Brooklyn", "Corona": "Queens", "Erasmus": "Brooklyn", "Howard Beach": "Queens", "Lincoln Square East": "Manhattan", "SoHo": "Manhattan", "Corona ": "Queens", "Country Club": "Bronx", "Williamsburg (South Side)": "Brooklyn", "Crown Heights South": "Brooklyn", "Douglaston": "Queens", "East New York": "Brooklyn", "Borough Park": "Brooklyn", "East Village": "Manhattan", "East Williamsburg": "Brooklyn", "Eltingville/Annadale/Prince's Bay": "Staten Island", "Far Rockaway": "Queens", "Garment District": "Manhattan", "Brighton Beach": "Brooklyn", "Kensington": "Brooklyn", "Cambria Heights": "Queens", "Cobble Hill": "Brooklyn", "Little Italy/NoLiTa": "Manhattan", "Glendale": "Queens", "Great Kills": "Staten Island", "Great Kills Park": "Staten Island", "Greenpoint": "Brooklyn", "Hammels/Arverne": "Queens", "Inwood": "Manhattan", "Inwood Hill Park": "Manhattan", "JFK Airport": "Queens", "Madison": "Brooklyn", "Manhattan Valley": "Manhattan", "Midtown Center": "Manhattan", "Marble Hill": "Manhattan", "Parkchester": "Bronx", "Pelham Bay": "Bronx", "Sutton Place/Turtle Bay North": "Manhattan", "Queensbridge/Ravenswood": "Queens", "Saint Michaels Cemetery/Woodside": "Queens", "Steinway": "Queens", "Sunnyside": "Queens", "Sunset Park West": "Brooklyn", "Upper East Side North": "Manhattan", "Upper East Side South": "Manhattan", "Upper West Side North": "Manhattan", "Van Cortlandt Village": "Bronx", "West Brighton": "Staten Island", "Longwood": "Bronx", "West Farms/Bronx River": "Bronx", "Willets Point": "Queens", "Windsor Terrace": "Brooklyn", "Belmont": "Bronx", "Woodlawn/Wakefield": "Bronx", "Lower East Side": "Manhattan", "Green-Wood Cemetery": "Brooklyn", "Long Island City/Hunters Point": "Queens", "Midtown South": "Manhattan", "Penn Station/Madison Sq West": "Manhattan", "North Corona": "Queens", "Ocean Parkway South": "Brooklyn", "Central Harlem": "Manhattan", "Brooklyn Heights": "Brooklyn", "Carroll Gardens": "Brooklyn", "Crotona Park": "Bronx", "Co-Op City": "Bronx", "Newark Airport": "EWR", "Allerton/Pelham Gardens": "Bronx", "Columbia Street": "Brooklyn", "Arden Heights": "Staten Island", "Arrochar/Fort Wadsworth": "Staten Island", "Old Astoria": "Queens", "Astoria": "Queens", "Auburndale": "Queens", "Baisley Park": "Queens", "Boerum Hill": "Brooklyn", "Battery Park": "Manhattan", "Homecrest": "Brooklyn", "Bushwick North": "Brooklyn", "Bronxdale": "Bronx", "Battery Park City": "Manhattan", "Bedford Park": "Bronx", "Ozone Park": "Queens", "Bay Ridge": "Brooklyn", "Lenox Hill West": "Manhattan", "Bellerose": "Queens", "Midtown North": "Manhattan", "Bayside": "Queens", "Bedford": "Brooklyn", "Clinton Hill": "Brooklyn", "Bensonhurst East": "Brooklyn", "Bensonhurst West": "Brooklyn", "Bloomingdale": "Manhattan", "Briarwood/Jamaica Hills": "Queens", "Bronx Park": "Bronx", "Broad Channel": "Queens", "Brooklyn Navy Yard": "Brooklyn", "Brownsville": "Brooklyn", "Prospect Heights": "Brooklyn", "Bushwick South": "Brooklyn", "Springfield Gardens North": "Queens", "Chinatown": "Manhattan", "East Elmhurst": "Queens", "Central Harlem North": "Manhattan", "Mount Hope": "Bronx", "Central Park": "Manhattan", "East Flatbush/Farragut": "Brooklyn", "Claremont/Bathgate": "Bronx", "Clinton East": "Manhattan", "Clinton West": "Manhattan", "Crotona Park East": "Bronx", "Crown Heights North": "Brooklyn", "East New York/Pennsylvania Avenue": "Brooklyn", "East Flatbush/Remsen Village": "Brooklyn", "Dyker Heights": "Brooklyn", "Cypress Hills": "Brooklyn", "Downtown Brooklyn/MetroTech": "Brooklyn", "East Flushing": "Queens", "DUMBO/Vinegar Hill": "Brooklyn", "East Chelsea": "Manhattan", "East Concourse/Concourse Village": "Bronx", "East Harlem North": "Manhattan", "Manhattanville": "Manhattan", "Fort Greene": "Brooklyn", "East Harlem South": "Manhattan", "East Tremont": "Bronx", "Eastchester": "Bronx", "Fordham South": "Bronx", "Financial District North": "Manhattan", "Gramercy": "Manhattan", "Elmhurst": "Queens", "Elmhurst/Maspeth": "Queens", "Financial District South": "Manhattan", "Flatbush/Ditmas Park": "Brooklyn", "Midwood": "Brooklyn", "Flatlands": "Brooklyn", "Flushing": "Queens", "Forest Hills": "Queens", "Forest Park/Highland Park": "Queens", "Hamilton Heights": "Manhattan", "Fresh Meadows": "Queens", "Morningside Heights": "Manhattan", "Glen Oaks": "Queens", "Prospect-Lefferts Gardens": "Brooklyn", "Gowanus": "Brooklyn", "Gravesend": "Brooklyn", "Greenwich Village North": "Manhattan", "Greenwich Village South": "Manhattan", "Grymes Hill/Clifton": "Staten Island", "Highbridge": "Bronx", "Hollis": "Queens", "Highbridge Park": "Manhattan", "Hillcrest/Pomonok": "Queens", "Hunts Point": "Bronx", "Jackson Heights": "Queens", "Kew Gardens": "Queens", "Murray Hill": "Manhattan", "Jamaica": "Queens", "Lenox Hill East": "Manhattan", "Jamaica Estates": "Queens", "Melrose South": "Bronx", "Kew Gardens Hills": "Queens", "Kingsbridge Heights": "Bronx", "Kips Bay": "Manhattan", "Lincoln Square West": "Manhattan", "Long Island City/Queens Plaza": "Queens", "LaGuardia Airport": "Queens", "Maspeth": "Queens", "Meatpacking/West Village West": "Manhattan", "Middle Village": "Queens", "Midtown East": "Manhattan", "Morrisania/Melrose": "Bronx", "Murray Hill-Queens": "Queens", "Seaport": "Manhattan", "New Dorp/Midland Beach": "Staten Island", "Norwood": "Bronx", "South Williamsburg": "Brooklyn", "Mott Haven/Port Morris": "Bronx", "Oakland Gardens": "Queens", "Park Slope": "Brooklyn", "Oakwood": "Staten Island", "Upper West Side South": "Manhattan", "Ocean Hill": "Brooklyn", "Pelham Parkway": "Bronx", "Sunset Park East": "Brooklyn", "Prospect Park": "Brooklyn", "Union Sq": "Manhattan", "Richmond Hill": "Queens", "Yorkville West": "Manhattan", "Port Richmond": "Staten Island", "Queens Village": "Queens", "Queensboro Hill": "Queens", "Randalls Island": "Manhattan", "Rego Park": "Queens", "Woodhaven": "Queens", "Soundview/Bruckner": "Bronx", "Yorkville East": "Manhattan", "Red Hook": "Brooklyn", "Ridgewood": "Queens", "South Jamaica": "Queens", "South Ozone Park": "Queens", "Riverdale/North Riverdale/Fieldston": "Bronx", "Rossville/Woodrow": "Staten Island", "Times Sq/Theatre District": "Manhattan", "Rockaway Park": "Queens", "Roosevelt Island": "Manhattan", "Saint Albans": "Queens", "South Beach/Dongan Hills": "Staten Island", "TriBeCa/Civic Center": "Manhattan", "Springfield Gardens South": "Queens", "Spuyten Duyvil/Kingsbridge": "Bronx", "Stuy Town/Peter Cooper Village": "Manhattan", "Stapleton": "Staten Island", "Stuyvesant Heights": "Brooklyn", "Two Bridges/Seward Park": "Manhattan", "UN/Turtle Bay South": "Manhattan", "University Heights/Morris Heights": "Bronx", "Williamsburg (North Side)": "Brooklyn", "Van Cortlandt Park": "Bronx", "Van Nest/Morris Park": "Bronx", "West Concourse": "Bronx", "Washington Heights North": "Manhattan", "Washington Heights South": "Manhattan", "West Village": "Manhattan", "West Chelsea/Hudson Yards": "Manhattan", "Westchester Village/Unionport": "Bronx", "Westerleigh": "Staten Island", "Williamsbridge/Olinville": "Bronx", "Woodside": "Queens", "World Trade Center": "Manhattan"}