{"0": "Jamaica Bay", "1": "Astoria Park", "2": "Bay Terrace/Fort Totten", "3": "Bloomfield/Emerson Hill", "4": "Breezy Point/Fort Tilden/Riis Beach", "5": "Canarsie", "6": "Charleston/Tottenville", "7": "City Island", "8": "College Point", "9": "Flatiron", "10": "Flushing Meadows-Corona Park", "11": "Freshkills Park", "12": "Laurelton", "13": "Manhattan Beach", "14": "Marine Park/Floyd Bennett Field", "15": "Marine Park/Mill Basin", "16": "Mariners Harbor", "17": "Pelham Bay Park", "18": "Rikers Island", "19": "Rosedale", "20": "Saint George/New Brighton", "21": "Schuylerville/Edgewater Park", "22": "Sheepshead Bay", "23": "Soundview/Castle Hill", "24": "Starrett City", "25": "Whitestone", "26": "Governor's Island/Ellis Island/Liberty Island", "27": "Heartland Village/Todt Hill", "28": "Alphabet City", "29": "Hudson Sq", "30": "Bath Beach", "31": "Coney Island", "32": "Corona", "33": "Erasmus", "34": "Howard Beach", "35": "Lincoln Square East", "36": "SoHo", "37": "Corona ", "38": "Country Club", "39": "Williamsburg (South Side)", "40": "Crown Heights South", "41": "Douglaston", "42": "East New York", "43": "Borough Park", "44": "East Village", "45": "East Williamsburg", "46": "Eltingville/Annadale/Prince's Bay", "47": "Far Rockaway", "48": "Garment District", "49": "Brighton Beach", "50": "Kensington", "51": "Cambria Heights", "52": "Cobble Hill", "53": "Little Italy/NoLiTa", "54": "Glendale", "55": "Great Kills", "56": "Great Kills Park", "57": "Greenpoint", "58": "Hammels/Arverne", "59": "Inwood", "60": "Inwood Hill Park", "61": "JFK Airport", "62": "Madison", "63": "Manhattan Valley", "64": "Midtown Center", "65": "Marble Hill", "66": "Parkchester", "67": "Pelham Bay", "68": "Sutton Place/Turtle Bay North", "69": "Queensbridge/Ravenswood", "70": "Saint Michaels Cemetery/Woodside", "71": "Steinway", "72": "Sunnyside", "73": "Sunset Park West", "74": "Upper East Side North", "75": "Upper East Side South", "76": "Upper West Side North", "77": "Van Cortlandt Village", "78": "West Brighton", "79": "Longwood", "80": "West Farms/Bronx River", "81": "Willets Point", "82": "Windsor Terrace", "83": "Belmont", "84": "Woodlawn/Wakefield", "85": "Lower East Side", "86": "Green-Wood Cemetery", "87": "Long Island City/Hunters Point", "88": "Midtown South", "89": "Penn Station/Madison Sq West", "90": "North Corona", "91": "Ocean Parkway South", "92": "Central Harlem", "93": "Brooklyn Heights", "94": "Carroll Gardens", "95": "Crotona Park", "96": "Co-Op City", "97": "Newark Airport", "98": "Allerton/Pelham Gardens", "99": "Columbia Street", "100": "Arden Heights", "101": "Arrochar/Fort Wadsworth", "102": "Old Astoria", "103": "Astoria", "104": "Auburndale", "105": "Baisley Park", "106": "Boerum Hill", "107": "Battery Park", "108": "Homecrest", "109": "Bushwick North", "110": "Bronxdale", "111": "Battery Park City", "112": "Bedford Park", "113": "Ozone Park", "114": "Bay Ridge", "115": "Lenox Hill West", "116": "Bellerose", "117": "Midtown North", "118": "Bayside", "119": "Bedford", "120": "Clinton Hill", "121": "Bensonhurst East", "122": "Bensonhurst West", "123": "Bloomingdale", "124": "Briarwood/Jamaica Hills", "125": "Bronx Park", "126": "Broad Channel", "127": "Brooklyn Navy Yard", "128": "Brownsville", "129": "Prospect Heights", "130": "Bushwick South", "131": "Springfield Gardens North", "132": "Chinatown", "133": "East Elmhurst", "134": "Central Harlem North", "135": "Mount Hope", "136": "Central Park", "137": "East Flatbush/Farragut", "138": "Claremont/Bathgate", "139": "Clinton East", "140": "Clinton West", "141": "Crotona Park East", "142": "Crown Heights North", "143": "East New York/Pennsylvania Avenue", "144": "East Flatbush/Remsen Village", "145": "Dyker Heights", "146": "Cypress Hills", "147": "Downtown Brooklyn/MetroTech", "148": "East Flushing", "149": "DUMBO/Vinegar Hill", "150": "East Chelsea", "151": "East Concourse/Concourse Village", "152": "East Harlem North", "153": "Manhattanville", "154": "Fort Greene", "155": "East Harlem South", "156": "East Tremont", "157": "Eastchester", "158": "Fordham South", "159": "Financial District North", "160": "Gramercy", "161": "Elmhurst", "162": "Elmhurst/Maspeth", "163": "Financial District South", "164": "Flatbush/Ditmas Park", "165": "Midwood", "166": "Flatlands", "167": "Flushing", "168": "Forest Hills", "169": "Forest Park/Highland Park", "170": "Hamilton Heights", "171": "Fresh Meadows", "172": "Morningside Heights", "173": "Glen Oaks", "174": "Prospect-Lefferts Gardens", "175": "Gowanus", "176": "Gravesend", "177": "Greenwich Village North", "178": "Greenwich Village South", "179": "Grymes Hill/Clifton", "180": "Highbridge", "181": "Hollis", "182": "Highbridge Park", "183": "Hillcrest/Pomonok", "184": "Hunts Point", "185": "Jackson Heights", "186": "Kew Gardens", "187": "Murray Hill", "188": "Jamaica", "189": "Lenox Hill East", "190": "Jamaica Estates", "191": "Melrose South", "192": "Kew Gardens Hills", "193": "Kingsbridge Heights", "194": "Kips Bay", "195": "Lincoln Square West", "196": "Long Island City/Queens Plaza", "197": "LaGuardia Airport", "198": "Maspeth", "199": "Meatpacking/West Village West", "200": "Middle Village", "201": "Midtown East", "202": "Morrisania/Melrose", "203": "Murray Hill-Queens", "204": "Seaport", "205": "New Dorp/Midland Beach", "206": "Norwood", "207": "South Williamsburg", "208": "Mott Haven/Port Morris", "209": "Oakland Gardens", "210": "Park Slope", "211": "Oakwood", "212": "Upper West Side South", "213": "Ocean Hill", "214": "Pelham Parkway", "215": "Sunset Park East", "216": "Prospect Park", "217": "Union Sq", "218": "Richmond Hill", "219": "Yorkville West", "220": "Port Richmond", "221": "Queens Village", "222": "Queensboro Hill", "223": "Randalls Island", "224": "Rego Park", "225": "Woodhaven", "226": "Soundview/Bruckner", "227": "Yorkville East", "228": "Red Hook", "229": "Ridgewood", "230": "South Jamaica", "231": "South Ozone Park", "232": "Riverdale/North Riverdale/Fieldston", "233": "Rossville/Woodrow", "234": "Times Sq/Theatre District", "235": "Rockaway Park", "236": "Roosevelt Island", "237": "Saint Albans", "238": "South Beach/Dongan Hills", "239": "TriBeCa/Civic Center", "240": "Springfield Gardens South", "241": "Spuyten Duyvil/Kingsbridge", "242": "Stuy Town/Peter Cooper Village", "243": "Stapleton", "244": "Stuyvesant Heights", "245": "Two Bridges/Seward Park", "246": "UN/Turtle Bay South", "247": "University Heights/Morris Heights", "248": "Williamsburg (North Side)", "249": "Van Cortlandt Park", "250": "Van Nest/Morris Park", "251": "West Concourse", "252": "Washington Heights North", "253": "Washington Heights South", "254": "West Village", "255": "West Chelsea/Hudson Yards", "256": "Westchester Village/Unionport", "257": "Westerleigh", "258": "Williamsbridge/Olinville", "259": "Woodside", "260": "World Trade Center"}